LSOA21CD,area_m2_2021
E01000001,133759
E01000002,225674
E01000003,57288.4
E01000005,190509
E01000006,144195
E01000007,198638
E01000008,192772
E01000009,127687
E01000011,90289.1
E01000012,141424
E01000013,208865
E01000014,340191
E01000015,279687
E01000016,196147
E01000017,160743
E01000018,173253
E01000019,180914
E01000020,188493
E01000021,172036
E01000022,128353
E01000024,127911
E01000025,149271
E01000027,1482270
E01000028,147315
E01000029,252990
E01000030,283592
E01000031,843506
E01000032,379321
E01000033,142773
E01000034,514941
E01000035,394370
E01000036,429868
E01000037,237523
E01000038,212626
E01000039,1526380
E01000040,169278
E01000041,152096
E01000042,231994
E01000043,265291
E01000044,174521
E01000045,299601
E01000046,157084
E01000049,214797
E01000050,137573
E01000051,65636
E01000052,200565
E01000053,178093
E01000054,171028
E01000055,147219
E01000056,248942
E01000057,146500
E01000058,182149
E01000059,208287
E01000060,550382
E01000061,605453
E01000062,225906
E01000063,182783
E01000064,209332
E01000065,231179
E01000066,245844
E01000067,192143
E01000068,341677
E01000069,197667
E01000070,393634
E01000071,270460
E01000072,522567
E01000073,284369
E01000074,164437
E01000075,517484
E01000076,189495
E01000077,173992
E01000078,171836
E01000079,308769
E01000080,232956
E01000081,186415
E01000082,163000
E01000083,179274
E01000084,151951
E01000085,145114
E01000086,140155
E01000087,375333
E01000088,225009
E01000089,150242
E01000090,1945270
E01000091,248005
E01000093,291220
E01000094,602971
E01000095,2290510
E01000096,599374
E01000097,181424
E01000098,173017
E01000099,310122
E01000100,210478
E01000101,161030
E01000102,254855
E01000103,698240
E01000104,216166
E01000105,223898
E01000106,220861
E01000107,541692
E01000108,238528
E01000110,188423
E01000111,301360
E01000112,276568
E01000113,154670
E01000114,256224
E01000115,280249
E01000116,245322
E01000117,329400
E01000118,285010
E01000119,400464
E01000120,242971
E01000121,376719
E01000122,235774
E01000123,524608
E01000124,260234
E01000126,157797
E01000127,196661
E01000128,242813
E01000129,174415
E01000130,177081
E01000131,335364
E01000132,152688
E01000133,159394
E01000134,160303
E01000135,334093
E01000136,520185
E01000137,124275
E01000138,259100
E01000139,352274
E01000140,143177
E01000141,370196
E01000142,200450
E01000143,172286
E01000144,193772
E01000145,209834
E01000146,208555
E01000147,203094
E01000150,464460
E01000151,142957
E01000152,182341
E01000153,165121
E01000154,133236
E01000156,178311
E01000157,124598
E01000158,269337
E01000159,495698
E01000160,302271
E01000161,239128
E01000162,183533
E01000163,195808
E01000164,550731
E01000165,189345
E01000166,374702
E01000167,600142
E01000168,313136
E01000169,236975
E01000170,296305
E01000171,332723
E01000172,544358
E01000173,367291
E01000174,187311
E01000175,503132
E01000176,223339
E01000177,168703
E01000178,419015
E01000179,142532
E01000180,169905
E01000181,144625
E01000182,216796
E01000183,228253
E01000184,681840
E01000185,118967
E01000186,249815
E01000187,213116
E01000188,3198870
E01000189,163547
E01000190,244750
E01000191,257928
E01000192,283902
E01000193,302425
E01000194,332450
E01000195,307169
E01000196,246253
E01000197,278965
E01000198,330680
E01000199,334368
E01000200,275262
E01000201,393231
E01000202,225843
E01000203,302749
E01000204,321785
E01000205,380201
E01000206,1322620
E01000207,344611
E01000208,407410
E01000209,400282
E01000210,501408
E01000211,277001
E01000212,345695
E01000213,427504
E01000214,333441
E01000215,222881
E01000216,196418
E01000217,213138
E01000218,150819
E01000219,191118
E01000220,152050
E01000221,421585
E01000222,413761
E01000223,545820
E01000224,161816
E01000225,309067
E01000226,176552
E01000227,255288
E01000228,2900360
E01000229,280721
E01000230,271467
E01000231,362000
E01000232,297330
E01000233,261779
E01000234,275249
E01000235,352608
E01000236,227889
E01000237,330622
E01000238,218008
E01000239,431888
E01000240,439708
E01000241,334263
E01000242,277729
E01000243,184852
E01000244,221251
E01000245,180109
E01000246,1080330
E01000247,268695
E01000248,275184
E01000249,809430
E01000250,585109
E01000251,225813
E01000252,227345
E01000253,3307190
E01000254,1517580
E01000255,1079230
E01000256,555016
E01000257,674109
E01000258,792918
E01000259,1297340
E01000260,818433
E01000261,1193340
E01000263,393656
E01000264,383399
E01000265,210345
E01000266,634172
E01000267,276169
E01000268,252402
E01000269,273059
E01000270,251339
E01000271,351098
E01000272,473435
E01000273,327781
E01000274,266296
E01000275,331590
E01000276,512313
E01000277,184375
E01000278,274190
E01000279,5028050
E01000280,1015110
E01000281,266525
E01000282,527774
E01000283,332409
E01000284,278793
E01000285,205480
E01000286,267632
E01000287,277240
E01000288,337007
E01000289,285772
E01000290,2043210
E01000291,243929
E01000292,286948
E01000293,274444
E01000294,326504
E01000295,203681
E01000296,222970
E01000297,231538
E01000298,269783
E01000299,165941
E01000300,170020
E01000301,285487
E01000302,217779
E01000303,215277
E01000304,176246
E01000305,689867
E01000306,145222
E01000307,498799
E01000308,527182
E01000309,289418
E01000310,309940
E01000311,338917
E01000312,147033
E01000313,217342
E01000314,246629
E01000315,506160
E01000316,405527
E01000317,170656
E01000318,272736
E01000319,157326
E01000320,236481
E01000321,176825
E01000322,202050
E01000323,213053
E01000324,272722
E01000325,391515
E01000326,271825
E01000327,386527
E01000328,552270
E01000329,480193
E01000330,255897
E01000331,533420
E01000332,278929
E01000333,288874
E01000334,268842
E01000335,1396590
E01000336,179130
E01000337,275046
E01000338,173086
E01000339,256978
E01000340,230011
E01000341,238200
E01000342,222155
E01000343,307495
E01000344,225619
E01000345,210002
E01000346,351471
E01000347,195594
E01000348,294679
E01000349,329916
E01000350,266136
E01000351,311018
E01000352,345584
E01000353,334965
E01000354,205113
E01000355,421089
E01000356,312510
E01000357,198131
E01000358,294249
E01000359,205803
E01000360,444054
E01000361,283173
E01000362,398251
E01000363,420604
E01000364,430561
E01000365,341304
E01000366,235019
E01000367,260577
E01000368,241798
E01000369,267063
E01000370,326679
E01000371,227935
E01000372,227405
E01000373,89327.8
E01000374,738832
E01000375,423136
E01000376,548776
E01000377,430612
E01000379,329630
E01000380,220289
E01000381,2055990
E01000382,581681
E01000383,2791650
E01000384,303184
E01000385,589231
E01000386,551302
E01000387,308810
E01000388,530574
E01000389,445097
E01000390,538824
E01000391,468081
E01000392,220711
E01000393,278654
E01000394,236319
E01000395,317225
E01000396,215479
E01000398,232785
E01000399,294403
E01000400,281923
E01000401,268482
E01000402,314997
E01000403,630455
E01000404,169415
E01000405,390474
E01000406,424833
E01000407,435617
E01000408,1077240
E01000409,225458
E01000410,278215
E01000411,189477
E01000412,246743
E01000413,203208
E01000414,292438
E01000415,227956
E01000416,176111
E01000417,737210
E01000418,518745
E01000419,267749
E01000420,273378
E01000421,285866
E01000422,105657
E01000423,289523
E01000424,387901
E01000425,358787
E01000426,258181
E01000427,408465
E01000428,884077
E01000429,305902
E01000430,1508130
E01000431,147516
E01000433,312513
E01000434,1552540
E01000435,173894
E01000436,277134
E01000437,265257
E01000438,186251
E01000439,248444
E01000440,241580
E01000441,238407
E01000442,310051
E01000443,272590
E01000444,1373830
E01000445,591489
E01000446,275658
E01000447,988302
E01000448,462405
E01000449,454555
E01000450,228604
E01000451,208245
E01000452,161313
E01000453,209235
E01000454,204185
E01000455,262222
E01000456,168957
E01000457,299737
E01000458,334410
E01000459,316492
E01000460,509420
E01000461,548360
E01000462,462052
E01000463,235302
E01000464,145826
E01000465,261394
E01000466,2362730
E01000467,174936
E01000468,290371
E01000469,379979
E01000470,357089
E01000471,139702
E01000472,428247
E01000473,173884
E01000474,195745
E01000475,314515
E01000476,225631
E01000477,379797
E01000478,193727
E01000479,310205
E01000480,296290
E01000481,258412
E01000483,227165
E01000484,304822
E01000485,175962
E01000486,747686
E01000487,306856
E01000488,159270
E01000489,319590
E01000490,132624
E01000491,366166
E01000492,161551
E01000493,183449
E01000494,220740
E01000495,174983
E01000497,303017
E01000498,287196
E01000499,526225
E01000501,157699
E01000502,373163
E01000503,403600
E01000504,147772
E01000505,156554
E01000506,297251
E01000507,238128
E01000508,231992
E01000509,128981
E01000510,178476
E01000511,164567
E01000512,153860
E01000513,168348
E01000514,157000
E01000515,379990
E01000516,246827
E01000517,229521
E01000518,507383
E01000519,729807
E01000520,242499
E01000521,143877
E01000522,145271
E01000523,137470
E01000524,155141
E01000525,159832
E01000526,137901
E01000527,127727
E01000528,108053
E01000530,177373
E01000531,106826
E01000532,103403
E01000533,184774
E01000534,153521
E01000535,189871
E01000536,336452
E01000538,396650
E01000539,281474
E01000540,378532
E01000541,240551
E01000543,194564
E01000544,72667.7
E01000545,115605
E01000546,94938.5
E01000547,76550.3
E01000548,107806
E01000549,110681
E01000550,143536
E01000551,137034
E01000552,87662
E01000553,143430
E01000554,213363
E01000555,205393
E01000556,96614.6
E01000557,117813
E01000558,174186
E01000559,112490
E01000560,209907
E01000561,114742
E01000562,309939
E01000563,380542
E01000564,208126
E01000565,188478
E01000566,209265
E01000567,202304
E01000568,801169
E01000569,372638
E01000570,131848
E01000571,352204
E01000572,216649
E01000573,234163
E01000574,219285
E01000575,273472
E01000576,292315
E01000577,343710
E01000578,335258
E01000579,112842
E01000580,446369
E01000581,164841
E01000582,193674
E01000583,199042
E01000584,123572
E01000585,99264.4
E01000586,153747
E01000587,196281
E01000589,290468
E01000590,269145
E01000591,319845
E01000592,198626
E01000593,179483
E01000594,241507
E01000595,189419
E01000596,197054
E01000599,87711
E01000601,701021
E01000602,131421
E01000603,120455
E01000604,166434
E01000605,175148
E01000606,233598
E01000607,198767
E01000608,564636
E01000609,249597
E01000610,286534
E01000611,120842
E01000612,259472
E01000613,218867
E01000615,667044
E01000616,171188
E01000617,274188
E01000618,180599
E01000619,210281
E01000620,440340
E01000621,215664
E01000622,628009
E01000623,192095
E01000624,263808
E01000625,269198
E01000626,203107
E01000627,225324
E01000628,350244
E01000629,179107
E01000630,285696
E01000631,252832
E01000632,285574
E01000633,165554
E01000634,168447
E01000636,213939
E01000637,71043.4
E01000638,289340
E01000639,97052.9
E01000640,126709
E01000641,108741
E01000642,158471
E01000643,575453
E01000644,120407
E01000645,778744
E01000646,350496
E01000647,253538
E01000648,380754
E01000649,848758
E01000650,883799
E01000651,286500
E01000652,587382
E01000653,500525
E01000654,1049250
E01000655,375539
E01000656,3399660
E01000657,309236
E01000658,2166500
E01000659,511023
E01000661,938135
E01000662,518856
E01000663,313647
E01000664,802640
E01000665,837949
E01000666,2976010
E01000667,1060530
E01000668,697597
E01000669,172455
E01000670,484558
E01000671,346519
E01000672,329392
E01000673,473100
E01000674,199967
E01000676,331159
E01000677,384071
E01000678,296886
E01000679,293064
E01000680,8235100
E01000681,314459
E01000682,285997
E01000683,255914
E01000684,409232
E01000685,1104400
E01000686,443815
E01000687,574407
E01000688,923801
E01000689,1386930
E01000690,332538
E01000691,243397
E01000692,352498
E01000693,2665960
E01000694,1019480
E01000695,758979
E01000696,2042310
E01000697,512997
E01000698,1131860
E01000699,136627
E01000700,200723
E01000701,132308
E01000702,139095
E01000703,236315
E01000704,330225
E01000705,151205
E01000706,297874
E01000707,155909
E01000708,236666
E01000709,250636
E01000710,546195
E01000711,278748
E01000712,359096
E01000713,418134
E01000714,326708
E01000715,303844
E01000716,401545
E01000717,309568
E01000718,334166
E01000719,347938
E01000720,7503810
E01000721,270728
E01000722,578217
E01000723,417494
E01000724,412408
E01000725,341070
E01000726,280111
E01000727,387610
E01000728,2730370
E01000729,261481
E01000730,368775
E01000731,232543
E01000732,353875
E01000733,371866
E01000734,321050
E01000735,513030
E01000736,398801
E01000737,364287
E01000738,513956
E01000739,228777
E01000741,136325
E01000742,265599
E01000743,312130
E01000744,211089
E01000745,473012
E01000746,178590
E01000747,9939000
E01000748,9857160
E01000749,9213140
E01000750,313370
E01000751,1839810
E01000752,1385400
E01000753,864833
E01000754,384789
E01000755,344583
E01000756,1009380
E01000757,539169
E01000758,304503
E01000759,4591220
E01000760,505833
E01000761,586698
E01000762,323247
E01000763,848972
E01000764,497931
E01000765,2309020
E01000766,370666
E01000767,313543
E01000768,475278
E01000769,1198400
E01000770,687308
E01000771,371426
E01000772,330636
E01000773,307808
E01000774,377154
E01000775,1107170
E01000777,246028
E01000778,205093
E01000779,1159170
E01000780,208942
E01000781,172643
E01000782,282594
E01000783,188822
E01000784,226138
E01000785,210347
E01000786,945690
E01000787,346289
E01000788,376397
E01000789,141933
E01000790,515546
E01000791,401899
E01000792,314687
E01000793,470286
E01000794,459461
E01000795,288188
E01000796,99940.7
E01000797,657183
E01000798,133090
E01000799,217274
E01000800,231392
E01000801,187785
E01000802,187027
E01000803,257540
E01000804,667167
E01000805,156331
E01000806,164001
E01000807,812309
E01000808,335833
E01000809,548908
E01000810,372790
E01000811,295521
E01000812,382548
E01000813,610524
E01000814,476995
E01000815,496958
E01000816,297826
E01000818,1292320
E01000819,398635
E01000820,587367
E01000822,218521
E01000823,242844
E01000824,168714
E01000825,174500
E01000826,513343
E01000827,375281
E01000828,345853
E01000829,221348
E01000830,591336
E01000831,406747
E01000832,865812
E01000833,360801
E01000834,211262
E01000835,334795
E01000836,211503
E01000837,483874
E01000838,545051
E01000839,268374
E01000840,800653
E01000841,337537
E01000842,103358
E01000843,84550.6
E01000844,115076
E01000845,118280
E01000846,82059.7
E01000847,98849.2
E01000848,100242
E01000849,78752.6
E01000850,195079
E01000851,135688
E01000853,58527.7
E01000855,322202
E01000856,119917
E01000857,75563.9
E01000858,218626
E01000859,95125.9
E01000860,209624
E01000861,112573
E01000862,170076
E01000863,162029
E01000866,141705
E01000867,80588.1
E01000868,83227.8
E01000869,114116
E01000870,127693
E01000871,301137
E01000872,152683
E01000873,124206
E01000874,85806.8
E01000875,115792
E01000876,117421
E01000877,112396
E01000878,187421
E01000879,179718
E01000880,201521
E01000881,146603
E01000882,120149
E01000883,139786
E01000884,246639
E01000885,309532
E01000886,99796.4
E01000887,97844.9
E01000888,94034
E01000889,114078
E01000890,75170
E01000891,78564.6
E01000892,121895
E01000893,532963
E01000894,225693
E01000895,95372.6
E01000896,146296
E01000897,199087
E01000898,173105
E01000899,1080430
E01000900,101108
E01000901,106471
E01000902,80867.4
E01000903,103198
E01000904,116206
E01000905,85638.8
E01000906,141445
E01000907,105735
E01000908,172914
E01000909,225801
E01000910,129614
E01000911,87885
E01000912,902670
E01000913,1613960
E01000914,447991
E01000915,74080.8
E01000916,147504
E01000917,74790.4
E01000918,166579
E01000919,149923
E01000920,136013
E01000921,124011
E01000922,191075
E01000923,85431.9
E01000924,97524.4
E01000925,81927.6
E01000926,93223.7
E01000927,102466
E01000928,254328
E01000929,96003.1
E01000930,117315
E01000931,147133
E01000932,66714
E01000933,107885
E01000934,88480
E01000935,62888.8
E01000937,126055
E01000938,81454.9
E01000939,77047.3
E01000941,44930.8
E01000942,73111.1
E01000943,70606.3
E01000944,57492.7
E01000946,482884
E01000947,155159
E01000948,200420
E01000949,61245.1
E01000951,49223.7
E01000952,85643.5
E01000954,53910.7
E01000955,63289.2
E01000956,160099
E01000957,116133
E01000958,241671
E01000959,72977.8
E01000960,115287
E01000961,120812
E01000962,95255.3
E01000963,191720
E01000964,123954
E01000965,109996
E01000966,129083
E01000967,373865
E01000968,80956.6
E01000969,167888
E01000970,67945.9
E01000971,82011.5
E01000972,142217
E01000973,232530
E01000974,114203
E01000975,187283
E01000976,163834
E01000977,168118
E01000978,157277
E01000979,135205
E01000980,147157
E01000981,171461
E01000982,135492
E01000983,157133
E01000984,170351
E01000985,390417
E01000986,323561
E01000987,162690
E01000989,260825
E01000990,166048
E01000991,445971
E01000992,491920
E01000993,161001
E01000994,177829
E01000995,143991
E01000996,103949
E01000997,105749
E01000998,141944
E01000999,96642.8
E01001000,136535
E01001001,121474
E01001002,107358
E01001003,159363
E01001004,154327
E01001005,91650.9
E01001006,291060
E01001007,150502
E01001008,186456
E01001009,113787
E01001010,724720
E01001011,125520
E01001012,144642
E01001013,196507
E01001015,404901
E01001016,1048110
E01001017,1339780
E01001018,950379
E01001019,592988
E01001020,366021
E01001021,2046290
E01001022,987682
E01001023,567020
E01001024,285316
E01001025,227101
E01001026,275233
E01001027,1444810
E01001028,868730
E01001029,497807
E01001030,415923
E01001031,406001
E01001032,651851
E01001033,298916
E01001034,295769
E01001035,220283
E01001036,840726
E01001037,157268
E01001038,202714
E01001039,459755
E01001040,191868
E01001041,196776
E01001042,208679
E01001044,448120
E01001046,196947
E01001047,184507
E01001049,1389360
E01001050,154200
E01001051,251540
E01001052,161029
E01001053,224443
E01001054,253782
E01001055,292888
E01001056,158775
E01001057,136091
E01001058,196692
E01001059,185639
E01001060,1503280
E01001061,454302
E01001062,1239600
E01001063,322377
E01001064,3472040
E01001065,1171440
E01001066,161621
E01001067,682258
E01001068,762232
E01001069,403231
E01001070,535469
E01001071,751281
E01001072,2162740
E01001073,306123
E01001074,408217
E01001075,445548
E01001076,345338
E01001077,177733
E01001078,376961
E01001079,293509
E01001080,219774
E01001081,456931
E01001082,562444
E01001083,325118
E01001084,596223
E01001085,182085
E01001086,225304
E01001087,373633
E01001088,155933
E01001089,157595
E01001090,181495
E01001091,319455
E01001092,586013
E01001093,401509
E01001094,1171250
E01001095,244587
E01001096,390971
E01001097,440708
E01001098,483311
E01001099,215336
E01001100,244554
E01001101,547505
E01001102,646690
E01001103,733108
E01001104,1694740
E01001105,992295
E01001106,426567
E01001107,763064
E01001108,537941
E01001109,474744
E01001110,152949
E01001111,200560
E01001112,357829
E01001113,176106
E01001114,181431
E01001115,220221
E01001116,154537
E01001118,185953
E01001119,692480
E01001120,306798
E01001121,2197110
E01001122,1236210
E01001123,744630
E01001124,599569
E01001125,387246
E01001126,223853
E01001127,329052
E01001128,223083
E01001129,288927
E01001130,138110
E01001131,161601
E01001132,432714
E01001133,400429
E01001134,372725
E01001135,453856
E01001136,278761
E01001137,357970
E01001138,260527
E01001139,182720
E01001140,353658
E01001141,152478
E01001142,314603
E01001143,220524
E01001144,120208
E01001145,140228
E01001146,132376
E01001147,200776
E01001148,141664
E01001149,140875
E01001150,273938
E01001151,165776
E01001152,173742
E01001153,140267
E01001154,178102
E01001155,135697
E01001156,278486
E01001157,335980
E01001158,207202
E01001159,402356
E01001160,318650
E01001161,295354
E01001162,314249
E01001163,280075
E01001164,187466
E01001165,186130
E01001166,173269
E01001167,570730
E01001168,223223
E01001169,227041
E01001170,253939
E01001171,296853
E01001172,695368
E01001173,1024750
E01001174,231983
E01001175,149912
E01001176,252960
E01001177,292928
E01001178,181286
E01001179,111979
E01001180,154143
E01001181,143493
E01001182,128471
E01001183,135456
E01001184,186178
E01001185,198394
E01001186,179552
E01001187,163752
E01001188,188529
E01001189,118704
E01001190,250954
E01001191,158585
E01001192,186734
E01001193,181460
E01001194,542033
E01001195,413956
E01001196,230623
E01001197,404542
E01001198,108400
E01001199,104982
E01001200,135278
E01001201,123950
E01001202,161686
E01001203,91166.6
E01001204,167379
E01001205,248418
E01001206,153531
E01001207,159112
E01001208,533447
E01001209,276175
E01001210,229056
E01001211,181800
E01001212,286811
E01001213,149616
E01001214,232867
E01001215,173961
E01001216,143352
E01001217,186602
E01001218,274451
E01001219,165120
E01001220,939636
E01001223,225141
E01001224,238079
E01001225,232713
E01001226,226280
E01001227,172004
E01001228,267593
E01001229,202674
E01001230,192519
E01001231,401138
E01001232,213014
E01001233,171229
E01001234,302433
E01001235,272452
E01001236,139565
E01001237,242428
E01001239,414016
E01001240,195124
E01001241,352566
E01001242,206273
E01001243,219515
E01001244,213984
E01001245,112497
E01001246,1012830
E01001247,1141580
E01001248,667189
E01001249,155366
E01001250,247128
E01001251,188147
E01001252,196497
E01001253,162541
E01001254,208685
E01001255,175384
E01001257,165894
E01001258,208115
E01001259,261040
E01001260,266455
E01001261,432710
E01001262,256822
E01001263,327795
E01001264,306705
E01001265,498616
E01001266,735814
E01001267,383377
E01001268,301507
E01001269,286689
E01001270,283188
E01001271,340117
E01001272,550608
E01001273,392470
E01001274,266251
E01001275,344596
E01001276,359494
E01001277,548397
E01001278,453597
E01001279,252464
E01001280,365066
E01001281,288913
E01001282,148787
E01001283,258393
E01001284,474018
E01001285,216241
E01001286,210023
E01001287,91688.2
E01001288,172611
E01001289,120622
E01001290,506023
E01001291,163880
E01001292,188622
E01001293,144018
E01001294,297240
E01001295,161997
E01001296,158160
E01001297,251876
E01001298,175340
E01001299,227320
E01001300,136605
E01001301,249764
E01001302,334977
E01001303,162090
E01001304,115988
E01001305,150471
E01001306,155026
E01001307,577303
E01001308,1110010
E01001309,336028
E01001310,234211
E01001311,322315
E01001312,208469
E01001313,172919
E01001314,289435
E01001315,167257
E01001316,178328
E01001317,337719
E01001318,254658
E01001319,140018
E01001320,462693
E01001321,335651
E01001322,546449
E01001323,337974
E01001324,318310
E01001325,943483
E01001326,735045
E01001327,277856
E01001328,381930
E01001329,304002
E01001330,299535
E01001331,142591
E01001332,133819
E01001333,276880
E01001334,157378
E01001335,489583
E01001336,252218
E01001337,1221440
E01001338,553888
E01001339,726250
E01001340,119840
E01001341,229731
E01001342,186586
E01001343,288635
E01001344,484323
E01001345,181549
E01001346,225004
E01001347,674364
E01001348,412551
E01001349,677230
E01001350,298855
E01001351,200479
E01001352,159132
E01001353,191975
E01001354,268910
E01001355,144615
E01001356,83373.3
E01001357,113390
E01001358,261068
E01001359,135388
E01001360,140993
E01001361,380954
E01001362,246462
E01001363,132759
E01001364,119076
E01001365,465203
E01001366,169151
E01001367,206027
E01001368,128649
E01001369,152631
E01001370,449046
E01001371,198268
E01001372,128412
E01001373,151978
E01001374,129394
E01001375,139945
E01001376,155063
E01001377,192461
E01001379,131193
E01001380,176291
E01001381,285559
E01001382,209377
E01001383,115499
E01001384,108442
E01001385,157830
E01001386,307804
E01001387,249369
E01001388,175779
E01001389,143031
E01001390,151452
E01001391,133207
E01001392,160712
E01001393,178137
E01001394,172299
E01001395,240864
E01001396,147299
E01001397,303998
E01001398,177278
E01001399,237896
E01001400,247830
E01001401,142671
E01001402,349650
E01001403,372294
E01001404,520532
E01001405,278922
E01001406,203864
E01001407,1031250
E01001408,144564
E01001409,189909
E01001410,157419
E01001411,184294
E01001412,14304600
E01001413,511786
E01001414,391880
E01001415,1085460
E01001416,327659
E01001417,5690950
E01001418,629181
E01001419,665566
E01001420,355278
E01001421,190883
E01001422,1468220
E01001423,193607
E01001424,69582
E01001425,401928
E01001426,307139
E01001427,1357270
E01001428,157801
E01001429,243934
E01001430,117810
E01001431,133362
E01001432,155215
E01001433,338056
E01001434,178323
E01001435,154234
E01001436,194728
E01001437,2630080
E01001438,277001
E01001439,209489
E01001440,314089
E01001441,335269
E01001442,115199
E01001444,346062
E01001445,1419230
E01001446,180628
E01001447,187331
E01001448,157358
E01001449,233935
E01001450,359716
E01001451,619792
E01001452,632114
E01001453,519255
E01001454,377580
E01001455,236577
E01001456,263510
E01001457,265121
E01001458,161693
E01001459,220408
E01001460,121568
E01001461,289137
E01001462,109586
E01001463,257617
E01001464,204090
E01001465,230693
E01001466,99293.6
E01001467,106336
E01001468,790013
E01001469,223933
E01001470,1896490
E01001471,364076
E01001472,251983
E01001473,840018
E01001474,382962
E01001475,335043
E01001476,200560
E01001477,1131160
E01001478,311939
E01001479,245381
E01001480,201113
E01001481,171493
E01001482,173068
E01001483,1146410
E01001484,330031
E01001485,127220
E01001486,177245
E01001487,128625
E01001488,131752
E01001489,181470
E01001491,149105
E01001492,152696
E01001493,232234
E01001494,162919
E01001495,155184
E01001496,258259
E01001497,205404
E01001498,192165
E01001499,207640
E01001500,223012
E01001501,302814
E01001502,280013
E01001503,173847
E01001504,179144
E01001505,194145
E01001507,269734
E01001508,206315
E01001509,147417
E01001511,387466
E01001512,192012
E01001513,951624
E01001514,136449
E01001515,130783
E01001516,322041
E01001517,181927
E01001518,560338
E01001520,348513
E01001521,480363
E01001522,204877
E01001523,518035
E01001524,256519
E01001525,237376
E01001526,285422
E01001527,388332
E01001528,204206
E01001529,167002
E01001530,204930
E01001531,233340
E01001532,290715
E01001533,327822
E01001534,405134
E01001535,398676
E01001536,434417
E01001537,185478
E01001538,257269
E01001539,220618
E01001540,262283
E01001541,178315
E01001542,184274
E01001543,208145
E01001544,303613
E01001545,341513
E01001546,241147
E01001547,250458
E01001548,299341
E01001549,320691
E01001550,220977
E01001551,302607
E01001552,279180
E01001553,192883
E01001554,117781
E01001555,142055
E01001556,212391
E01001557,126372
E01001558,150159
E01001559,924267
E01001560,268828
E01001562,140518
E01001563,197771
E01001564,227513
E01001565,222736
E01001566,197538
E01001567,312603
E01001568,893876
E01001569,296482
E01001570,409219
E01001571,148629
E01001572,167113
E01001573,138290
E01001574,1006720
E01001575,220352
E01001576,240438
E01001577,209079
E01001578,271946
E01001579,253540
E01001580,301638
E01001581,205860
E01001582,342145
E01001583,290471
E01001584,327622
E01001585,182828
E01001586,211215
E01001587,271019
E01001588,517854
E01001589,211443
E01001590,153278
E01001591,202627
E01001592,243599
E01001593,184418
E01001594,148665
E01001595,376168
E01001596,290692
E01001597,322486
E01001598,463906
E01001599,459318
E01001600,301688
E01001601,247258
E01001602,256909
E01001603,208815
E01001604,241360
E01001605,664538
E01001606,213280
E01001607,207324
E01001608,464635
E01001609,335678
E01001610,222079
E01001611,203619
E01001613,731640
E01001614,887220
E01001615,950356
E01001617,695417
E01001618,347108
E01001619,318982
E01001620,263561
E01001621,366170
E01001623,274595
E01001624,221298
E01001625,268051
E01001629,209315
E01001631,193345
E01001632,121380
E01001633,115262
E01001634,117148
E01001635,210435
E01001636,121160
E01001637,184484
E01001638,106954
E01001641,365975
E01001642,1194020
E01001644,188762
E01001645,283915
E01001646,213089
E01001647,350933
E01001648,414516
E01001649,332201
E01001650,206313
E01001651,308965
E01001652,263537
E01001653,265747
E01001654,294980
E01001655,440284
E01001656,281441
E01001657,401827
E01001658,436036
E01001659,375648
E01001660,333574
E01001661,451925
E01001664,154234
E01001665,187528
E01001666,436284
E01001669,501849
E01001671,193885
E01001672,361235
E01001673,175145
E01001674,212050
E01001675,156471
E01001676,132414
E01001677,204322
E01001678,265176
E01001679,214038
E01001680,607369
E01001681,155522
E01001682,879208
E01001683,137999
E01001684,1178980
E01001685,176141
E01001686,172236
E01001687,414720
E01001688,358115
E01001690,134357
E01001692,75298.5
E01001693,137605
E01001694,383077
E01001695,99798.7
E01001696,140525
E01001697,152972
E01001698,127023
E01001699,685614
E01001700,138128
E01001701,951989
E01001702,87852.6
E01001703,88718.7
E01001704,142188
E01001705,175095
E01001708,174238
E01001710,87548.4
E01001712,164821
E01001714,152036
E01001715,77072.8
E01001716,83534.5
E01001717,97817.4
E01001718,101030
E01001719,62909.3
E01001720,101386
E01001722,104513
E01001723,117687
E01001724,117709
E01001725,91414.6
E01001726,53491.4
E01001727,106540
E01001728,92715.3
E01001729,126723
E01001730,131402
E01001731,174260
E01001732,63537.2
E01001733,147552
E01001734,134026
E01001735,134343
E01001736,90361.3
E01001737,98128.2
E01001738,91963.2
E01001739,124399
E01001740,83041.7
E01001741,82834.5
E01001742,128292
E01001744,137379
E01001745,111396
E01001746,51092.6
E01001747,141687
E01001749,105523
E01001750,148064
E01001751,153377
E01001753,75968.1
E01001755,103146
E01001756,162053
E01001757,49321.1
E01001758,126777
E01001759,102064
E01001760,144637
E01001761,106683
E01001762,140851
E01001763,109302
E01001764,104705
E01001765,124924
E01001767,104263
E01001768,103814
E01001769,123537
E01001770,128961
E01001772,66774.3
E01001773,121948
E01001774,179310
E01001775,129199
E01001776,102250
E01001777,157085
E01001780,109243
E01001781,151887
E01001783,61570.5
E01001784,76865.2
E01001785,90904.2
E01001786,1129720
E01001787,220018
E01001788,112971
E01001789,96142.3
E01001790,55087.5
E01001791,106234
E01001792,173695
E01001793,156432
E01001794,128925
E01001795,102522
E01001796,91640
E01001798,106099
E01001799,107543
E01001800,81592.5
E01001801,145135
E01001802,105010
E01001803,159971
E01001804,112084
E01001805,151371
E01001806,327598
E01001807,117122
E01001808,130813
E01001809,112485
E01001811,86391.9
E01001812,247189
E01001813,95158.8
E01001814,113534
E01001815,107215
E01001816,135993
E01001819,136113
E01001820,84138
E01001821,69098.1
E01001822,82341.2
E01001823,150451
E01001824,216203
E01001825,105741
E01001826,111206
E01001827,175815
E01001828,110056
E01001829,116327
E01001830,102427
E01001831,108842
E01001832,103696
E01001833,113459
E01001834,95085.1
E01001835,74202.2
E01001836,130920
E01001837,114301
E01001838,71722.6
E01001839,104730
E01001840,108423
E01001841,135955
E01001842,65431
E01001843,74106.5
E01001844,154206
E01001845,110323
E01001846,540712
E01001847,105449
E01001848,152722
E01001849,496169
E01001850,70650.7
E01001851,98390
E01001852,75894.6
E01001853,80793.7
E01001854,66030
E01001855,75871.9
E01001856,82521.4
E01001857,71205.8
E01001858,119246
E01001859,107353
E01001860,90974.9
E01001861,72410.3
E01001862,90900.3
E01001863,84714.9
E01001864,73476.6
E01001865,118175
E01001866,151122
E01001867,87738
E01001868,58856.8
E01001869,229455
E01001870,101556
E01001871,133754
E01001872,70409.8
E01001873,62002.9
E01001875,171519
E01001876,896611
E01001877,1278160
E01001878,135446
E01001879,80489.9
E01001880,126749
E01001881,110727
E01001882,81710.7
E01001883,133711
E01001884,82091.9
E01001885,56892.2
E01001886,95198.5
E01001887,109297
E01001888,98489.8
E01001889,143155
E01001890,130234
E01001891,176163
E01001892,72115
E01001893,77920.7
E01001894,155471
E01001895,86323.4
E01001896,85109.3
E01001897,96554.4
E01001898,287054
E01001899,122339
E01001900,135675
E01001901,83179.3
E01001902,72719.3
E01001903,110033
E01001904,138294
E01001905,88251.4
E01001906,61923.4
E01001907,68290.7
E01001908,45371.6
E01001909,86085.4
E01001910,81263
E01001911,157485
E01001912,96446.3
E01001913,109424
E01001914,65458.6
E01001915,416687
E01001916,366207
E01001917,107649
E01001918,104906
E01001919,143930
E01001920,163754
E01001921,101329
E01001922,194603
E01001923,111586
E01001924,96588.4
E01001925,141321
E01001926,90569.6
E01001927,199812
E01001928,189904
E01001929,86515.5
E01001930,251320
E01001931,70060.9
E01001932,186429
E01001933,178490
E01001934,181210
E01001935,106619
E01001937,195555
E01001938,104251
E01001940,85016.4
E01001941,142186
E01001942,92007.4
E01001943,442314
E01001944,66553.1
E01001945,115056
E01001946,123452
E01001947,55883.3
E01001948,114822
E01001949,82401.3
E01001950,109416
E01001951,102490
E01001952,94583
E01001953,86710.8
E01001954,85241.7
E01001955,221351
E01001956,133267
E01001957,75422
E01001958,46297.7
E01001959,192626
E01001960,82568.6
E01001961,69016.9
E01001962,515070
E01001963,508686
E01001964,636039
E01001965,121307
E01001966,512629
E01001967,176458
E01001968,143672
E01001969,145557
E01001970,214455
E01001971,126360
E01001972,206673
E01001973,401084
E01001974,176750
E01001975,120070
E01001976,101489
E01001977,89616.4
E01001978,132655
E01001979,196377
E01001980,111999
E01001981,94629.8
E01001982,104503
E01001983,101080
E01001984,199553
E01001985,186787
E01001986,136733
E01001987,303202
E01001988,173699
E01001989,288138
E01001990,151611
E01001991,125848
E01001992,408255
E01001993,279686
E01001994,336751
E01001995,410309
E01001996,243264
E01001997,194504
E01001998,155057
E01001999,146893
E01002000,164674
E01002001,105883
E01002002,654381
E01002003,222531
E01002004,117161
E01002005,95120.2
E01002006,109880
E01002007,171699
E01002008,648033
E01002009,233546
E01002010,589503
E01002011,646191
E01002013,121039
E01002014,167300
E01002015,120145
E01002016,170916
E01002017,136115
E01002018,120696
E01002019,251674
E01002020,291386
E01002021,184710
E01002022,201745
E01002023,165532
E01002024,157755
E01002025,401673
E01002026,119894
E01002027,110085
E01002028,119923
E01002029,236607
E01002030,279670
E01002031,140018
E01002032,103032
E01002033,123389
E01002034,280503
E01002036,170132
E01002037,793095
E01002038,142036
E01002039,74753.7
E01002040,146963
E01002041,126674
E01002042,239125
E01002043,109394
E01002044,88888.7
E01002045,134897
E01002046,169499
E01002047,102561
E01002048,122682
E01002049,127556
E01002050,109544
E01002051,124331
E01002052,218553
E01002053,143491
E01002054,82164.6
E01002055,93918
E01002056,211197
E01002057,158634
E01002058,155746
E01002059,233979
E01002060,125562
E01002061,165152
E01002062,196999
E01002063,138549
E01002064,93225
E01002065,135967
E01002066,193269
E01002067,149447
E01002068,298046
E01002069,164407
E01002070,164004
E01002071,108820
E01002072,177381
E01002073,111126
E01002074,130897
E01002075,370667
E01002076,109600
E01002077,143223
E01002078,280570
E01002079,103455
E01002081,139335
E01002082,194230
E01002083,156265
E01002084,304059
E01002085,129426
E01002086,239951
E01002087,112691
E01002088,212559
E01002089,45942.4
E01002090,229784
E01002091,215708
E01002092,202007
E01002093,223169
E01002094,249704
E01002095,284363
E01002096,184272
E01002097,107753
E01002098,195366
E01002099,158565
E01002100,143077
E01002101,203592
E01002102,318416
E01002103,172936
E01002104,169979
E01002105,124228
E01002106,267796
E01002107,283323
E01002108,199497
E01002109,507630
E01002110,244524
E01002111,278117
E01002112,776517
E01002113,618419
E01002114,2883680
E01002115,347615
E01002116,305427
E01002118,272099
E01002119,237416
E01002120,171566
E01002121,281530
E01002122,202577
E01002123,172109
E01002124,168356
E01002125,173225
E01002127,272716
E01002128,185803
E01002129,411558
E01002130,333628
E01002131,164220
E01002132,402027
E01002133,391225
E01002134,1242170
E01002135,424735
E01002136,369735
E01002137,599367
E01002138,144876
E01002139,233077
E01002140,254617
E01002141,289675
E01002142,361247
E01002143,182982
E01002144,2951700
E01002145,315844
E01002146,846537
E01002147,622936
E01002148,332728
E01002149,292528
E01002150,419404
E01002151,304176
E01002152,462869
E01002153,292312
E01002155,743760
E01002156,381904
E01002157,264045
E01002158,293275
E01002159,231712
E01002160,297908
E01002161,236691
E01002162,181051
E01002163,245107
E01002164,267140
E01002165,208444
E01002166,169339
E01002167,166823
E01002168,173038
E01002169,205655
E01002170,170994
E01002171,187124
E01002172,368256
E01002173,199642
E01002174,207494
E01002175,208733
E01002176,386408
E01002177,196936
E01002178,205714
E01002179,259431
E01002181,403657
E01002182,201266
E01002183,185238
E01002184,209751
E01002185,171227
E01002186,317082
E01002187,482767
E01002188,485953
E01002189,449171
E01002190,1355520
E01002191,489679
E01002192,452770
E01002193,336852
E01002194,426925
E01002195,273427
E01002196,374049
E01002197,181818
E01002198,174412
E01002199,173768
E01002200,347729
E01002201,264873
E01002202,194378
E01002203,278114
E01002204,180174
E01002206,174758
E01002207,178106
E01002208,293752
E01002209,271243
E01002210,206965
E01002211,171305
E01002212,274998
E01002214,181601
E01002215,169577
E01002216,269058
E01002217,149860
E01002218,329118
E01002219,291862
E01002220,188100
E01002221,171537
E01002222,209807
E01002223,202783
E01002224,182059
E01002225,2040420
E01002226,605494
E01002227,327334
E01002228,419666
E01002229,633669
E01002230,419932
E01002231,213863
E01002232,215878
E01002233,204228
E01002234,167935
E01002235,171943
E01002236,215809
E01002237,145587
E01002238,343338
E01002239,360076
E01002240,167906
E01002241,239710
E01002242,272722
E01002243,234344
E01002244,335319
E01002245,257308
E01002246,545337
E01002247,326584
E01002248,531011
E01002250,1075960
E01002251,325477
E01002252,1158970
E01002253,1025190
E01002254,563077
E01002255,593516
E01002256,278601
E01002257,754780
E01002258,301560
E01002259,1874410
E01002260,1112270
E01002261,207943
E01002262,224342
E01002263,847395
E01002264,203839
E01002265,514160
E01002266,343378
E01002267,209903
E01002268,845675
E01002269,775904
E01002270,677840
E01002271,544996
E01002272,223281
E01002273,826845
E01002274,308162
E01002275,436793
E01002276,4359180
E01002277,1466910
E01002278,225944
E01002279,356406
E01002280,153444
E01002281,404592
E01002282,274833
E01002283,223250
E01002284,278180
E01002285,463416
E01002286,235160
E01002287,221201
E01002288,340139
E01002289,269949
E01002290,278671
E01002291,307475
E01002292,344379
E01002294,1231570
E01002295,277466
E01002296,4046640
E01002297,212081
E01002298,455058
E01002299,339249
E01002300,332030
E01002301,273048
E01002302,289606
E01002303,279790
E01002304,5303000
E01002305,2766470
E01002306,175885
E01002307,241918
E01002308,449633
E01002309,276485
E01002310,280080
E01002311,949674
E01002312,870748
E01002313,388290
E01002314,190746
E01002315,217358
E01002316,246114
E01002317,382212
E01002318,291136
E01002319,376271
E01002320,202055
E01002321,461841
E01002322,432146
E01002323,292436
E01002324,465354
E01002325,751422
E01002326,275802
E01002327,282589
E01002328,284772
E01002329,380927
E01002330,481493
E01002331,309402
E01002332,279471
E01002333,273332
E01002334,966578
E01002335,206914
E01002336,255346
E01002337,1119750
E01002338,243763
E01002339,398089
E01002340,236192
E01002341,245374
E01002342,182311
E01002343,474613
E01002344,10214800
E01002345,445276
E01002346,210642
E01002347,453733
E01002348,2750640
E01002349,582880
E01002350,285174
E01002351,195003
E01002352,287316
E01002353,461480
E01002354,307796
E01002355,227699
E01002356,368799
E01002358,225831
E01002359,226892
E01002360,385029
E01002361,365757
E01002362,342389
E01002363,246529
E01002364,230739
E01002365,230671
E01002366,280117
E01002367,379082
E01002368,1309340
E01002369,481460
E01002370,2467150
E01002371,282577
E01002372,219061
E01002373,309376
E01002374,968710
E01002375,261339
E01002376,337063
E01002377,435776
E01002378,240198
E01002379,359272
E01002380,303619
E01002381,365322
E01002382,316506
E01002383,291430
E01002384,482794
E01002385,9921890
E01002386,545226
E01002387,1351780
E01002388,367715
E01002389,879197
E01002390,341256
E01002391,8612380
E01002392,461343
E01002393,328266
E01002394,294468
E01002395,171495
E01002396,344776
E01002397,180754
E01002398,160989
E01002399,175593
E01002400,605502
E01002401,333032
E01002402,201649
E01002403,204569
E01002404,210638
E01002405,1000260
E01002408,205898
E01002409,237503
E01002410,404860
E01002411,480855
E01002412,716696
E01002413,309121
E01002414,923056
E01002415,268371
E01002416,206555
E01002417,326063
E01002418,279877
E01002419,292886
E01002420,290430
E01002421,344586
E01002422,195294
E01002423,673122
E01002424,372423
E01002425,360909
E01002426,213939
E01002427,205422
E01002428,587908
E01002429,379841
E01002430,918393
E01002431,278214
E01002432,326062
E01002433,461604
E01002434,819033
E01002435,355148
E01002436,457366
E01002437,436506
E01002438,3677470
E01002439,700621
E01002440,1784070
E01002441,7054650
E01002442,1978040
E01002443,2608880
E01002444,15784700
E01002445,190678
E01002446,1957880
E01002447,1867920
E01002448,718586
E01002449,376550
E01002450,215703
E01002451,209885
E01002452,337072
E01002453,273847
E01002454,1648250
E01002455,357819
E01002456,313676
E01002457,226076
E01002458,981836
E01002459,505883
E01002460,379356
E01002461,2516050
E01002462,417559
E01002463,616133
E01002464,787512
E01002465,299748
E01002466,228852
E01002467,366695
E01002468,196161
E01002469,232791
E01002470,384883
E01002471,266738
E01002472,532800
E01002473,3886670
E01002474,925603
E01002475,750135
E01002476,621445
E01002477,316034
E01002478,367536
E01002479,781373
E01002480,636954
E01002481,368628
E01002482,634785
E01002483,360672
E01002484,235039
E01002485,300708
E01002486,1025130
E01002487,193356
E01002488,299958
E01002489,274509
E01002490,337759
E01002491,188942
E01002492,259393
E01002493,175493
E01002494,2657470
E01002495,454003
E01002496,588849
E01002497,675830
E01002498,394472
E01002499,2284080
E01002501,221730
E01002502,188809
E01002503,191871
E01002505,702321
E01002506,284480
E01002507,1097590
E01002508,355705
E01002509,452144
E01002511,246940
E01002512,1182640
E01002513,564321
E01002514,284728
E01002516,584944
E01002518,225501
E01002519,633772
E01002520,510205
E01002521,537759
E01002523,167651
E01002525,508407
E01002526,296504
E01002527,868869
E01002528,347333
E01002529,256377
E01002530,267930
E01002531,341910
E01002533,1337360
E01002534,404331
E01002535,411584
E01002536,394470
E01002537,447975
E01002538,1030020
E01002539,371904
E01002540,228612
E01002541,382590
E01002542,179857
E01002543,264747
E01002544,614669
E01002545,289385
E01002546,189677
E01002547,180451
E01002548,1152340
E01002549,599275
E01002550,243154
E01002551,319139
E01002552,262204
E01002553,187964
E01002555,709060
E01002556,199852
E01002557,333883
E01002558,236054
E01002559,2376880
E01002560,341929
E01002561,240487
E01002562,956278
E01002563,504670
E01002564,240892
E01002565,451890
E01002567,218445
E01002569,205037
E01002570,147052
E01002571,204755
E01002572,897854
E01002573,181659
E01002574,161707
E01002575,227129
E01002576,183573
E01002577,353479
E01002578,501060
E01002579,402137
E01002580,116780
E01002581,185249
E01002582,174192
E01002583,408092
E01002584,328778
E01002585,199474
E01002586,425195
E01002587,229990
E01002588,138512
E01002589,985132
E01002590,354534
E01002591,325818
E01002592,1726730
E01002593,443893
E01002594,270673
E01002595,270794
E01002596,459080
E01002598,223168
E01002599,182248
E01002600,158766
E01002601,1560750
E01002602,209614
E01002603,222079
E01002604,299177
E01002605,328110
E01002606,207136
E01002607,344671
E01002608,349088
E01002609,213681
E01002610,1505030
E01002611,865151
E01002612,329744
E01002613,221925
E01002614,597494
E01002615,950934
E01002616,229369
E01002617,452550
E01002618,231081
E01002619,236207
E01002620,306269
E01002621,281759
E01002622,203329
E01002623,201077
E01002624,221864
E01002625,192763
E01002626,353746
E01002627,122963
E01002628,351774
E01002629,533539
E01002630,236186
E01002631,209229
E01002632,367439
E01002633,980736
E01002634,241202
E01002635,538109
E01002636,206489
E01002637,693673
E01002638,803619
E01002639,188665
E01002640,224263
E01002641,203760
E01002643,325144
E01002645,263309
E01002646,142286
E01002647,176486
E01002649,203807
E01002650,1703650
E01002651,133333
E01002652,192736
E01002653,214739
E01002654,420990
E01002655,256452
E01002656,208271
E01002657,233501
E01002658,176092
E01002659,284967
E01002660,267276
E01002661,275428
E01002662,249887
E01002663,175371
E01002665,136752
E01002666,260961
E01002667,309287
E01002668,338936
E01002669,309411
E01002670,442642
E01002671,243824
E01002672,261747
E01002673,54515.6
E01002674,286050
E01002675,305716
E01002676,957889
E01002677,227924
E01002678,3684290
E01002679,464955
E01002680,408751
E01002681,310764
E01002682,434646
E01002686,978213
E01002687,178775
E01002689,138353
E01002690,183797
E01002691,507735
E01002692,334326
E01002693,206762
E01002694,71074.3
E01002695,118525
E01002696,149571
E01002697,109669
E01002698,109248
E01002699,91153.2
E01002700,180289
E01002701,82679
E01002702,115390
E01002703,86885.2
E01002704,333131
E01002706,137529
E01002707,118578
E01002708,336391
E01002709,80660.5
E01002710,141467
E01002711,151001
E01002712,117426
E01002713,139422
E01002714,112870
E01002715,57678.7
E01002716,130028
E01002717,122379
E01002718,99680.4
E01002719,148967
E01002720,100852
E01002721,121249
E01002722,84465.8
E01002723,103587
E01002724,262625
E01002725,63243.1
E01002726,165107
E01002727,114623
E01002728,91657.2
E01002729,132322
E01002730,139138
E01002732,133650
E01002733,89651.1
E01002734,117853
E01002735,107284
E01002736,74991.2
E01002737,75456.5
E01002738,255821
E01002739,118746
E01002740,219814
E01002741,106062
E01002742,108225
E01002743,95750.6
E01002744,97472.1
E01002745,109778
E01002747,104157
E01002748,144644
E01002749,83416
E01002751,75819.5
E01002752,88620.9
E01002753,82292
E01002754,122223
E01002755,100667
E01002756,115108
E01002757,88566.3
E01002758,118013
E01002759,108381
E01002760,90473.6
E01002762,162134
E01002763,98006.9
E01002764,130385
E01002765,174849
E01002766,140587
E01002767,115576
E01002768,104188
E01002769,214285
E01002770,210592
E01002771,122234
E01002772,105410
E01002773,95357.5
E01002774,177916
E01002775,118788
E01002776,113370
E01002777,118231
E01002778,103425
E01002779,113292
E01002780,77382.7
E01002781,90229.1
E01002782,88915
E01002783,95775.9
E01002784,129995
E01002785,142862
E01002786,107934
E01002787,110089
E01002788,124522
E01002789,134626
E01002790,77628.2
E01002791,143308
E01002792,106238
E01002793,104505
E01002794,182885
E01002795,177938
E01002796,77473
E01002797,107128
E01002798,141201
E01002799,84785.4
E01002800,85354.2
E01002801,104800
E01002802,108224
E01002804,109221
E01002805,126757
E01002806,111547
E01002807,90371.1
E01002808,131572
E01002809,90519.6
E01002810,82753.5
E01002811,103279
E01002812,90189.9
E01002813,109920
E01002814,145631
E01002815,63706.5
E01002816,59326.1
E01002817,157712
E01002818,186659
E01002819,216339
E01002821,188935
E01002823,82620.3
E01002824,150994
E01002825,192042
E01002826,222422
E01002827,252145
E01002828,97577.8
E01002829,56962.6
E01002830,75698.1
E01002831,111842
E01002832,76129.8
E01002833,71959.8
E01002834,60934.6
E01002835,149371
E01002836,73771.2
E01002837,63735.7
E01002839,64194.9
E01002840,91556
E01002841,111696
E01002842,16807.1
E01002843,67330.9
E01002844,127634
E01002845,70371.7
E01002846,103387
E01002847,72828
E01002848,80610.4
E01002849,64821.6
E01002850,74996.5
E01002851,60147.3
E01002852,512150
E01002853,63309.4
E01002854,131471
E01002855,105634
E01002856,76156.3
E01002857,61233.3
E01002858,58084
E01002859,128335
E01002860,108366
E01002861,86739.9
E01002862,43876.3
E01002863,125857
E01002864,297627
E01002865,130493
E01002866,156774
E01002867,104940
E01002868,247644
E01002869,101387
E01002870,127267
E01002871,130056
E01002872,98002.6
E01002873,129726
E01002874,82817.6
E01002875,159071
E01002876,126741
E01002877,168028
E01002878,120695
E01002879,84905.3
E01002880,64488.7
E01002881,58046.5
E01002882,117856
E01002883,116348
E01002884,76191.6
E01002885,52958.2
E01002886,123242
E01002887,73785.3
E01002888,83339.1
E01002889,115862
E01002890,156840
E01002891,99093.4
E01002892,75278.6
E01002893,101199
E01002894,98550.4
E01002896,115383
E01002897,142911
E01002898,128561
E01002899,71224.7
E01002900,134192
E01002901,327294
E01002902,139071
E01002903,109841
E01002904,99770.5
E01002905,165944
E01002906,192723
E01002907,51209.7
E01002908,97557
E01002909,99665.7
E01002910,141617
E01002911,121852
E01002912,112791
E01002913,107916
E01002914,177028
E01002915,292897
E01002916,439904
E01002917,279329
E01002918,433130
E01002919,770635
E01002920,465069
E01002921,171813
E01002922,318473
E01002923,117303
E01002924,318366
E01002925,231019
E01002926,288528
E01002927,218401
E01002928,255683
E01002929,604027
E01002930,268154
E01002931,305330
E01002932,232690
E01002933,165000
E01002934,206463
E01002935,189217
E01002937,148539
E01002938,238098
E01002939,263552
E01002940,220059
E01002941,617925
E01002942,213461
E01002943,306641
E01002944,301250
E01002945,246747
E01002946,468947
E01002947,291688
E01002948,5242030
E01002949,301289
E01002950,966212
E01002951,220605
E01002952,1426190
E01002953,1162860
E01002954,228005
E01002955,489936
E01002956,640107
E01002957,234089
E01002958,179535
E01002959,423669
E01002960,268666
E01002961,342905
E01002962,242120
E01002963,188676
E01002964,313720
E01002965,353885
E01002966,498743
E01002967,197986
E01002968,556580
E01002969,68462.8
E01002970,289854
E01002971,317916
E01002972,168119
E01002973,296914
E01002974,208407
E01002975,296351
E01002976,282425
E01002977,300333
E01002978,360850
E01002979,336097
E01002980,230439
E01002981,380616
E01002982,258128
E01002983,642371
E01002984,272899
E01002985,168540
E01002986,436452
E01002987,212654
E01002988,282903
E01002989,152389
E01002990,167856
E01002991,231132
E01002992,329971
E01002993,164670
E01002994,316274
E01002995,415756
E01002996,197141
E01002997,236515
E01002998,145943
E01002999,188924
E01003000,1150160
E01003001,368660
E01003002,302612
E01003003,228352
E01003004,309323
E01003005,231198
E01003006,323852
E01003007,201022
E01003008,200302
E01003009,299870
E01003010,303819
E01003011,251513
E01003013,347361
E01003014,186615
E01003015,94041.1
E01003016,165364
E01003017,131240
E01003018,151233
E01003019,150315
E01003020,144302
E01003021,162703
E01003022,114555
E01003023,124645
E01003024,125186
E01003025,156039
E01003026,346511
E01003027,122966
E01003028,138161
E01003029,148814
E01003030,165302
E01003031,90376.8
E01003032,182278
E01003033,148614
E01003034,111971
E01003035,116882
E01003036,114701
E01003037,115117
E01003038,130934
E01003039,183622
E01003040,154836
E01003041,97787.2
E01003042,93592.8
E01003043,102536
E01003044,66575
E01003045,114260
E01003046,95017.8
E01003047,182180
E01003048,123182
E01003049,117391
E01003050,98170.6
E01003051,179956
E01003052,126664
E01003053,116530
E01003054,87257.3
E01003055,135361
E01003056,85398.2
E01003057,96310.7
E01003058,88825.3
E01003059,75803.1
E01003060,84858.8
E01003061,80009.4
E01003062,133691
E01003063,121231
E01003064,154543
E01003065,127641
E01003066,338174
E01003067,150201
E01003068,176366
E01003069,238406
E01003070,125826
E01003071,174354
E01003072,211755
E01003073,173393
E01003074,708640
E01003075,78764.5
E01003076,379934
E01003077,102931
E01003078,200517
E01003079,221538
E01003080,128284
E01003081,209127
E01003082,126208
E01003083,145317
E01003084,143656
E01003085,222207
E01003086,144818
E01003087,133501
E01003088,94537.8
E01003089,133208
E01003090,138449
E01003091,78537.7
E01003092,159519
E01003093,73900.7
E01003094,79292.1
E01003095,156034
E01003096,144957
E01003097,98704.7
E01003098,81352
E01003099,300246
E01003100,105266
E01003101,117834
E01003102,168008
E01003104,81764.7
E01003105,98995.8
E01003106,121128
E01003107,124723
E01003108,77047.3
E01003110,152872
E01003111,71737.8
E01003112,147476
E01003113,160616
E01003114,200891
E01003115,108486
E01003116,280735
E01003117,165992
E01003118,215582
E01003119,170755
E01003120,146023
E01003121,61419.9
E01003122,97714.6
E01003123,145696
E01003124,79924.8
E01003125,72390.7
E01003126,99371.7
E01003127,135402
E01003128,86797.8
E01003129,85150.2
E01003130,149606
E01003131,182517
E01003132,144554
E01003133,171723
E01003134,157684
E01003135,102656
E01003136,115715
E01003137,111021
E01003138,135093
E01003139,130950
E01003140,141293
E01003141,163183
E01003142,131656
E01003143,160187
E01003144,508544
E01003145,164553
E01003146,124795
E01003147,177238
E01003148,191985
E01003149,266589
E01003150,164626
E01003151,133161
E01003152,222446
E01003153,123132
E01003154,185430
E01003155,162047
E01003156,116258
E01003157,165824
E01003158,123622
E01003159,141907
E01003160,101994
E01003161,121365
E01003162,110386
E01003163,201341
E01003164,179359
E01003165,182163
E01003166,234468
E01003167,200225
E01003168,201615
E01003169,192988
E01003170,324239
E01003171,107149
E01003172,124282
E01003173,125370
E01003174,152643
E01003175,120934
E01003176,126961
E01003177,98120.8
E01003178,106423
E01003179,74069.5
E01003180,141990
E01003181,81954.4
E01003182,182216
E01003183,151867
E01003184,55379.1
E01003185,86386.3
E01003186,208448
E01003187,142362
E01003188,81734.2
E01003189,188564
E01003190,328345
E01003191,199873
E01003192,1018510
E01003193,346685
E01003194,333022
E01003195,196076
E01003196,267335
E01003197,211413
E01003198,168550
E01003199,316631
E01003200,747205
E01003201,156611
E01003202,227710
E01003203,144656
E01003204,255441
E01003205,89043.9
E01003206,207165
E01003207,121230
E01003209,125689
E01003210,192016
E01003211,202151
E01003212,223529
E01003213,217519
E01003214,157512
E01003215,210255
E01003216,213924
E01003217,161304
E01003218,141054
E01003219,209761
E01003220,181410
E01003221,330776
E01003222,183084
E01003223,296781
E01003224,151998
E01003225,212394
E01003226,175941
E01003227,245114
E01003228,143830
E01003229,211546
E01003230,213351
E01003231,174566
E01003232,204133
E01003233,140905
E01003235,490072
E01003236,178557
E01003237,266044
E01003238,125648
E01003239,217668
E01003240,216886
E01003241,282502
E01003243,238761
E01003244,65635.5
E01003245,108993
E01003246,238885
E01003247,196765
E01003248,257047
E01003249,116620
E01003251,226025
E01003252,72596.6
E01003253,145507
E01003254,320275
E01003255,183659
E01003256,222696
E01003257,218268
E01003258,121933
E01003259,208324
E01003260,211089
E01003261,181922
E01003262,160626
E01003263,353781
E01003264,224520
E01003265,232561
E01003266,170441
E01003267,330698
E01003268,295679
E01003269,207635
E01003270,279672
E01003271,299927
E01003272,150212
E01003273,183242
E01003274,148693
E01003275,194632
E01003276,462063
E01003277,135019
E01003278,148060
E01003279,180812
E01003280,203375
E01003281,351942
E01003282,217865
E01003283,230566
E01003284,158586
E01003285,219126
E01003286,189905
E01003287,245250
E01003288,171310
E01003290,144378
E01003291,278431
E01003292,131455
E01003293,112306
E01003295,182819
E01003297,374394
E01003298,137520
E01003299,152394
E01003300,115737
E01003301,216379
E01003302,123972
E01003303,225941
E01003304,171598
E01003305,112849
E01003307,144651
E01003308,160221
E01003309,160207
E01003310,157919
E01003311,187655
E01003312,198936
E01003313,234147
E01003314,151322
E01003315,146132
E01003316,145142
E01003318,349124
E01003319,133733
E01003320,183411
E01003321,164244
E01003322,149591
E01003323,172594
E01003324,93669.1
E01003325,134210
E01003326,138206
E01003327,205360
E01003328,192078
E01003329,175805
E01003330,261464
E01003331,155456
E01003332,202093
E01003333,122719
E01003334,169925
E01003335,117307
E01003336,127813
E01003337,130618
E01003338,139481
E01003339,149616
E01003340,177631
E01003341,179330
E01003342,168171
E01003343,128869
E01003344,185201
E01003345,155657
E01003346,345795
E01003347,143091
E01003348,324321
E01003349,138314
E01003350,242470
E01003351,182064
E01003352,222057
E01003353,256219
E01003354,364427
E01003355,142959
E01003356,452172
E01003357,331541
E01003358,154277
E01003359,168171
E01003360,141366
E01003361,211329
E01003362,424052
E01003363,461621
E01003364,220238
E01003365,335010
E01003366,566610
E01003368,153288
E01003369,92655.6
E01003370,153952
E01003371,124618
E01003372,127987
E01003373,168267
E01003374,336327
E01003375,1818270
E01003376,197972
E01003377,111522
E01003378,224603
E01003379,134201
E01003380,230621
E01003381,159119
E01003382,161713
E01003383,251073
E01003384,149105
E01003385,200411
E01003386,160283
E01003387,232496
E01003388,145862
E01003389,184487
E01003390,93074.2
E01003391,87152.7
E01003392,243640
E01003393,75884
E01003394,157853
E01003395,216468
E01003396,98285.4
E01003397,127504
E01003398,209117
E01003399,129771
E01003400,177864
E01003401,178897
E01003402,231100
E01003403,249218
E01003404,214173
E01003405,278565
E01003406,189129
E01003407,197399
E01003408,162199
E01003409,227538
E01003410,126464
E01003411,211433
E01003412,208888
E01003413,300593
E01003414,225624
E01003415,216925
E01003416,320490
E01003417,296799
E01003418,152502
E01003419,606092
E01003420,192634
E01003421,271097
E01003422,290055
E01003423,203655
E01003424,299017
E01003425,273240
E01003426,395245
E01003427,345033
E01003428,303008
E01003429,146553
E01003430,120375
E01003431,128038
E01003432,494959
E01003433,273206
E01003434,181620
E01003435,814014
E01003436,215000
E01003437,389332
E01003438,192997
E01003439,368956
E01003440,453197
E01003441,217823
E01003442,254922
E01003443,219443
E01003444,264996
E01003445,480760
E01003446,237467
E01003447,397595
E01003448,199161
E01003449,304033
E01003450,227897
E01003451,575103
E01003452,335211
E01003453,201531
E01003454,155348
E01003455,214437
E01003456,238317
E01003457,141513
E01003458,135825
E01003459,188569
E01003460,3560260
E01003461,272981
E01003462,439690
E01003463,542206
E01003464,790238
E01003465,615821
E01003466,235909
E01003467,393968
E01003468,470213
E01003469,297758
E01003470,257253
E01003471,310310
E01003472,89705.9
E01003473,206602
E01003474,604329
E01003476,171887
E01003477,184093
E01003478,333390
E01003479,299757
E01003480,287553
E01003481,522533
E01003483,244959
E01003484,99962.4
E01003485,152201
E01003486,219208
E01003487,124264
E01003488,128378
E01003489,122362
E01003490,100677
E01003491,102858
E01003492,94193.1
E01003494,104503
E01003495,118647
E01003496,188103
E01003497,678328
E01003498,235294
E01003499,169634
E01003500,734293
E01003501,155817
E01003502,154129
E01003503,147920
E01003506,105790
E01003507,145900
E01003508,130092
E01003509,102481
E01003511,91666.4
E01003512,130392
E01003513,355014
E01003514,176888
E01003515,745620
E01003516,135771
E01003517,275427
E01003518,179509
E01003519,62443.1
E01003520,132587
E01003521,134645
E01003522,77152.4
E01003523,206117
E01003524,89160.1
E01003525,129297
E01003526,107504
E01003527,164992
E01003528,86333.9
E01003529,117353
E01003530,119066
E01003531,223878
E01003532,110866
E01003533,113337
E01003534,137918
E01003535,496001
E01003536,175123
E01003537,194123
E01003538,172219
E01003539,253779
E01003540,209783
E01003541,152526
E01003542,135243
E01003543,166524
E01003544,151659
E01003545,170844
E01003546,113227
E01003547,177543
E01003548,228921
E01003549,119419
E01003550,114849
E01003551,94985.8
E01003552,107991
E01003553,102431
E01003554,99707.7
E01003555,167159
E01003556,138801
E01003557,177069
E01003558,148941
E01003559,156755
E01003560,78148.1
E01003561,79794.3
E01003562,102417
E01003563,89606.2
E01003564,109952
E01003565,89894
E01003566,97111.9
E01003567,98705.7
E01003568,108834
E01003569,104857
E01003570,101210
E01003571,107421
E01003572,92151.9
E01003573,98390.2
E01003574,190245
E01003575,145639
E01003576,149294
E01003577,174632
E01003578,827108
E01003579,97004.6
E01003580,225119
E01003581,102847
E01003582,84349.7
E01003583,100386
E01003584,329887
E01003585,73552.8
E01003586,151003
E01003587,158569
E01003588,74377.3
E01003589,135168
E01003590,259092
E01003591,168099
E01003592,143961
E01003593,108311
E01003594,116130
E01003595,90088.5
E01003596,110341
E01003597,90375.4
E01003598,72603.2
E01003599,134170
E01003600,114694
E01003601,359171
E01003602,117640
E01003603,205143
E01003604,215387
E01003605,106572
E01003607,127017
E01003608,92829.1
E01003611,148186
E01003615,107714
E01003616,146010
E01003618,161089
E01003619,251408
E01003621,66305.2
E01003622,245921
E01003623,275444
E01003624,143455
E01003625,315629
E01003626,101674
E01003627,76558.6
E01003628,93043.9
E01003629,64471.4
E01003630,104928
E01003631,163665
E01003632,137822
E01003633,95355.7
E01003634,146149
E01003635,393328
E01003636,199787
E01003637,93303.3
E01003638,267478
E01003639,1032140
E01003640,6110390
E01003641,262225
E01003642,309155
E01003643,198296
E01003644,155614
E01003645,254718
E01003646,210287
E01003647,158932
E01003648,218908
E01003649,183142
E01003650,196769
E01003651,189960
E01003652,171174
E01003653,203363
E01003654,231509
E01003655,226856
E01003656,544235
E01003657,431840
E01003658,229793
E01003659,373421
E01003660,537103
E01003661,208003
E01003662,183048
E01003663,317178
E01003664,166017
E01003665,168926
E01003666,217621
E01003668,220051
E01003669,184116
E01003670,237620
E01003671,207160
E01003672,179666
E01003673,195008
E01003674,270129
E01003675,229749
E01003676,186800
E01003677,606586
E01003678,268478
E01003679,220482
E01003680,207098
E01003681,483464
E01003682,274730
E01003683,121115
E01003684,112625
E01003685,113929
E01003686,165335
E01003688,132887
E01003689,249974
E01003690,772043
E01003691,227353
E01003692,153650
E01003693,446948
E01003694,210655
E01003695,128189
E01003696,192223
E01003697,272991
E01003698,187290
E01003699,854887
E01003700,661538
E01003701,296919
E01003702,305117
E01003703,984743
E01003704,292435
E01003705,318173
E01003706,193176
E01003707,248170
E01003708,443944
E01003709,234250
E01003710,220720
E01003711,361692
E01003712,170537
E01003713,145749
E01003714,178106
E01003715,159088
E01003716,345646
E01003718,143266
E01003719,386945
E01003720,526105
E01003721,184796
E01003722,281582
E01003723,292656
E01003724,213006
E01003725,148396
E01003726,3792360
E01003727,211505
E01003729,116227
E01003730,89400.4
E01003731,139801
E01003732,120427
E01003733,99815.5
E01003734,125653
E01003735,199218
E01003736,98123.5
E01003737,355599
E01003738,232206
E01003739,288606
E01003740,445937
E01003741,239807
E01003742,144262
E01003743,174546
E01003744,667605
E01003745,492109
E01003746,635750
E01003747,292931
E01003748,407704
E01003749,206390
E01003750,375225
E01003751,599723
E01003752,228192
E01003753,171538
E01003754,166852
E01003755,218406
E01003756,251443
E01003757,226663
E01003759,224652
E01003760,303750
E01003761,100257
E01003762,251147
E01003763,699897
E01003764,537350
E01003765,227852
E01003766,148893
E01003767,201408
E01003768,176101
E01003769,241984
E01003770,691413
E01003771,229948
E01003772,152481
E01003773,236553
E01003774,260017
E01003775,328947
E01003776,339948
E01003777,237307
E01003778,353325
E01003779,167474
E01003780,299815
E01003781,168681
E01003782,168674
E01003783,235959
E01003784,137580
E01003785,358238
E01003786,130216
E01003787,135331
E01003788,158864
E01003789,307591
E01003790,855307
E01003791,1296850
E01003792,776411
E01003793,569530
E01003794,356456
E01003795,793914
E01003796,246441
E01003797,419187
E01003798,219030
E01003799,829463
E01003800,256143
E01003801,310477
E01003802,391325
E01003803,198732
E01003804,178585
E01003805,797666
E01003806,4151740
E01003807,183322
E01003808,133321
E01003809,395814
E01003810,185991
E01003811,176978
E01003812,291712
E01003813,314656
E01003814,422732
E01003815,519675
E01003816,3043190
E01003817,4100190
E01003818,480096
E01003819,1051430
E01003820,298186
E01003821,295487
E01003822,378260
E01003823,4273910
E01003824,325006
E01003825,345452
E01003826,1075440
E01003827,446735
E01003828,311003
E01003829,400023
E01003830,508589
E01003831,317444
E01003832,222842
E01003833,195737
E01003834,1086600
E01003835,363151
E01003836,254699
E01003837,511438
E01003838,300625
E01003839,229169
E01003840,195769
E01003841,290692
E01003842,392722
E01003843,330267
E01003844,285482
E01003845,411260
E01003846,242096
E01003847,1586120
E01003848,199618
E01003849,200161
E01003851,243033
E01003852,672053
E01003853,298372
E01003854,142096
E01003855,290911
E01003856,123502
E01003857,147949
E01003858,165275
E01003859,195780
E01003860,1520020
E01003861,189353
E01003862,211080
E01003863,211064
E01003864,256328
E01003865,136579
E01003866,152862
E01003867,410100
E01003868,131983
E01003869,319494
E01003870,429694
E01003871,192817
E01003872,317001
E01003873,191378
E01003874,141665
E01003875,503132
E01003876,468764
E01003877,157983
E01003878,996934
E01003879,185586
E01003880,224899
E01003881,329622
E01003882,213405
E01003883,195589
E01003884,285376
E01003885,440341
E01003886,204507
E01003887,215684
E01003888,800003
E01003889,2526480
E01003890,214550
E01003891,302735
E01003892,401155
E01003893,221267
E01003894,167380
E01003895,447115
E01003896,301751
E01003897,196067
E01003898,179351
E01003899,169839
E01003900,750561
E01003901,279736
E01003902,156604
E01003903,680668
E01003904,245465
E01003905,374121
E01003906,207418
E01003907,242971
E01003908,289967
E01003909,221829
E01003910,291874
E01003911,113013
E01003912,80004.9
E01003913,233679
E01003914,146909
E01003915,97399.3
E01003916,149530
E01003917,111112
E01003918,87563.8
E01003919,147845
E01003920,87792.4
E01003921,123763
E01003922,134100
E01003923,118763
E01003924,78880.8
E01003925,87768.1
E01003926,105822
E01003929,232720
E01003930,107220
E01003932,123343
E01003933,220145
E01003934,232024
E01003935,139433
E01003936,96259.7
E01003937,92266.7
E01003938,77676.5
E01003939,152621
E01003940,54390.6
E01003941,96031.9
E01003942,119253
E01003943,64011
E01003945,835372
E01003946,459284
E01003947,139164
E01003948,267802
E01003949,227394
E01003950,244715
E01003951,1063630
E01003952,130236
E01003953,201426
E01003954,101210
E01003955,140516
E01003956,110942
E01003957,166081
E01003958,163510
E01003960,124706
E01003961,122122
E01003963,59800.6
E01003966,99638.4
E01003969,288264
E01003971,62443.9
E01003972,71712
E01003973,85763.8
E01003975,81641.3
E01003976,121143
E01003977,130943
E01003979,168249
E01003980,192926
E01003981,188640
E01003983,118189
E01003984,165767
E01003986,182850
E01003987,136420
E01003988,386243
E01003989,248398
E01003990,139856
E01003991,79201.2
E01003992,71382.1
E01003993,85525
E01003994,141919
E01003995,64588.4
E01003997,75532.4
E01003998,96390.7
E01003999,86717.9
E01004000,158590
E01004001,194182
E01004002,334718
E01004003,126303
E01004004,199443
E01004005,152698
E01004006,148433
E01004007,78379.7
E01004008,100013
E01004010,128432
E01004011,113938
E01004012,140517
E01004013,106166
E01004014,92925
E01004015,572197
E01004016,571654
E01004017,353506
E01004018,275402
E01004019,141580
E01004020,197975
E01004021,150760
E01004023,114720
E01004024,120018
E01004028,123015
E01004029,108763
E01004030,97026.5
E01004031,424744
E01004032,137761
E01004033,145850
E01004034,133399
E01004035,224364
E01004036,96607.7
E01004037,149203
E01004038,215944
E01004039,85636.2
E01004040,108239
E01004041,78081.3
E01004042,147303
E01004043,118666
E01004044,70141.6
E01004045,62393.3
E01004046,150829
E01004047,106055
E01004048,399747
E01004049,105100
E01004050,187865
E01004051,152597
E01004052,175883
E01004053,148632
E01004054,116254
E01004055,194219
E01004056,188546
E01004057,245782
E01004058,138443
E01004059,309456
E01004060,100935
E01004061,206736
E01004062,166915
E01004063,172406
E01004064,162371
E01004065,111663
E01004066,141001
E01004067,233659
E01004068,187527
E01004069,928331
E01004070,318213
E01004071,127291
E01004072,283071
E01004073,197646
E01004074,350143
E01004075,583635
E01004076,3435200
E01004077,263973
E01004078,322025
E01004079,323451
E01004080,293736
E01004081,171476
E01004082,174189
E01004083,249205
E01004084,512099
E01004085,810024
E01004086,562984
E01004087,354974
E01004088,466274
E01004089,111988
E01004090,188687
E01004091,373803
E01004092,641877
E01004093,404254
E01004094,272995
E01004095,286677
E01004096,154768
E01004097,278276
E01004098,221086
E01004099,385176
E01004100,359730
E01004101,219155
E01004102,390631
E01004103,173636
E01004104,365209
E01004105,388323
E01004106,813001
E01004107,242184
E01004108,4574780
E01004109,660588
E01004110,314799
E01004111,476618
E01004112,519940
E01004114,1536190
E01004115,261560
E01004116,322291
E01004117,250456
E01004118,272803
E01004119,256127
E01004120,286708
E01004121,249648
E01004122,261138
E01004123,414029
E01004124,183193
E01004125,135956
E01004126,127366
E01004127,206146
E01004128,171679
E01004129,259466
E01004130,676455
E01004131,209107
E01004132,171197
E01004133,192432
E01004134,219252
E01004135,275289
E01004136,240584
E01004137,234658
E01004138,166941
E01004139,152710
E01004140,132528
E01004141,124657
E01004143,116765
E01004144,406312
E01004145,453304
E01004146,216190
E01004147,291921
E01004148,235701
E01004149,270814
E01004150,161193
E01004151,195838
E01004152,203991
E01004153,174400
E01004154,344103
E01004155,192615
E01004156,208987
E01004157,263315
E01004158,238439
E01004159,338649
E01004160,225259
E01004161,324297
E01004162,178476
E01004163,218965
E01004164,234320
E01004165,247134
E01004166,240701
E01004167,164639
E01004168,224085
E01004169,149809
E01004170,251323
E01004171,374437
E01004172,178962
E01004173,228309
E01004174,168842
E01004175,263369
E01004176,163564
E01004177,225329
E01004178,234292
E01004179,232527
E01004180,597714
E01004181,279173
E01004182,148246
E01004183,208685
E01004184,279989
E01004185,400441
E01004186,300261
E01004187,176635
E01004189,339367
E01004190,265657
E01004191,244290
E01004192,386325
E01004193,369814
E01004194,206309
E01004195,238334
E01004196,243552
E01004198,96689.3
E01004199,67145
E01004200,57715
E01004201,128448
E01004202,109402
E01004203,105325
E01004204,84094.5
E01004205,136002
E01004206,77398.5
E01004207,69644.5
E01004208,161046
E01004209,82473.3
E01004211,165234
E01004212,83788.6
E01004214,70583.6
E01004216,90872.2
E01004217,410299
E01004218,141602
E01004219,200597
E01004221,135858
E01004222,137514
E01004223,592256
E01004226,91737.8
E01004228,126997
E01004229,105163
E01004230,157779
E01004231,110636
E01004232,191017
E01004233,83646.8
E01004234,574864
E01004235,37499.9
E01004236,100416
E01004237,64749.1
E01004239,108929
E01004240,83818.6
E01004241,118670
E01004243,111943
E01004244,134300
E01004245,216629
E01004247,120544
E01004248,105656
E01004249,184374
E01004251,127990
E01004255,95425.6
E01004256,141977
E01004257,123869
E01004258,98134.7
E01004259,132088
E01004260,98774.1
E01004263,82494.1
E01004264,61457
E01004266,82223.8
E01004267,212030
E01004268,51316.7
E01004270,291071
E01004271,96052.6
E01004272,93912.3
E01004274,83516.5
E01004275,137165
E01004276,75338.7
E01004277,440181
E01004280,139475
E01004281,124566
E01004283,150911
E01004286,155587
E01004287,85233.9
E01004288,101905
E01004289,105635
E01004290,101167
E01004291,114782
E01004292,149433
E01004293,328823
E01004295,80772.7
E01004296,133631
E01004297,111511
E01004298,92082.6
E01004300,49218
E01004301,82990.4
E01004302,48552.9
E01004303,224990
E01004304,102524
E01004305,92044.8
E01004306,120255
E01004307,211476
E01004308,83538.6
E01004309,129998
E01004310,91822.9
E01004311,85642
E01004312,68833.1
E01004313,81752.7
E01004315,92864.6
E01004316,35009.1
E01004319,91176.7
E01004321,105712
E01004322,139924
E01004323,70405.1
E01004324,77525.5
E01004326,82886.6
E01004327,112446
E01004328,101494
E01004329,116833
E01004330,97136.2
E01004331,107005
E01004332,113348
E01004333,99538.5
E01004334,109949
E01004335,120154
E01004336,211310
E01004337,115147
E01004338,94541.5
E01004339,106627
E01004340,261775
E01004341,149115
E01004342,361209
E01004343,278796
E01004344,377615
E01004345,143545
E01004346,186555
E01004347,232375
E01004348,267379
E01004349,641658
E01004350,315199
E01004351,428608
E01004352,1462840
E01004353,569193
E01004354,303560
E01004355,245174
E01004356,471257
E01004357,338811
E01004358,243395
E01004359,226255
E01004360,224237
E01004361,205669
E01004362,810304
E01004363,299052
E01004364,201194
E01004365,117144
E01004366,291511
E01004367,124163
E01004368,140305
E01004369,98006.7
E01004370,140028
E01004371,108100
E01004372,98686.6
E01004373,95239.1
E01004374,128382
E01004375,117804
E01004376,108947
E01004377,830331
E01004378,217141
E01004379,213608
E01004380,510538
E01004381,232297
E01004382,118781
E01004383,228462
E01004384,274010
E01004385,473290
E01004386,378026
E01004387,267096
E01004388,271994
E01004389,418564
E01004390,325608
E01004391,741963
E01004392,213257
E01004393,141587
E01004394,119162
E01004395,1505620
E01004396,112716
E01004397,236092
E01004398,429697
E01004399,791031
E01004400,173408
E01004401,1108280
E01004402,189718
E01004403,388186
E01004404,152524
E01004405,121844
E01004406,139448
E01004407,94586.1
E01004408,117039
E01004409,157929
E01004410,195435
E01004411,122318
E01004412,151540
E01004413,324252
E01004414,286818
E01004415,263699
E01004416,471461
E01004417,274743
E01004418,181728
E01004419,262219
E01004420,168942
E01004421,127094
E01004422,1340450
E01004423,126420
E01004424,217268
E01004425,133548
E01004426,124526
E01004427,406679
E01004428,157686
E01004429,530415
E01004430,514999
E01004432,186067
E01004434,323653
E01004435,160080
E01004436,231214
E01004437,153751
E01004438,257814
E01004439,147507
E01004440,238048
E01004441,128900
E01004442,151471
E01004443,128335
E01004444,196687
E01004445,171443
E01004446,124753
E01004447,127054
E01004448,518202
E01004449,179224
E01004450,296476
E01004451,195022
E01004452,231104
E01004453,335031
E01004454,191585
E01004455,472575
E01004456,249659
E01004457,119279
E01004458,131851
E01004459,110248
E01004460,138920
E01004462,135912
E01004463,142896
E01004464,114193
E01004465,114898
E01004466,147787
E01004467,201198
E01004468,780566
E01004469,207501
E01004470,144421
E01004471,135477
E01004472,131920
E01004473,110425
E01004474,147877
E01004475,104378
E01004476,191711
E01004477,205561
E01004478,95709.8
E01004479,144938
E01004480,77102.8
E01004481,102270
E01004482,119297
E01004483,451482
E01004484,309905
E01004485,152660
E01004486,268528
E01004487,104836
E01004488,107860
E01004489,181639
E01004490,126182
E01004491,171586
E01004492,278942
E01004493,139591
E01004494,119731
E01004495,117479
E01004496,178088
E01004497,168078
E01004498,112496
E01004499,143428
E01004500,160077
E01004501,161429
E01004502,141208
E01004503,197686
E01004504,225559
E01004505,197531
E01004506,201531
E01004507,181333
E01004508,137291
E01004510,166025
E01004511,158157
E01004512,115208
E01004513,151450
E01004514,164481
E01004515,105719
E01004516,214771
E01004517,152418
E01004518,128974
E01004519,130294
E01004520,114165
E01004521,119324
E01004522,116300
E01004523,306105
E01004524,130304
E01004525,140489
E01004526,103731
E01004527,97521.1
E01004528,147736
E01004529,123207
E01004530,133275
E01004531,83704.2
E01004532,90097.5
E01004533,89120.8
E01004534,258635
E01004535,77502.2
E01004536,148706
E01004537,116130
E01004538,114906
E01004539,135694
E01004540,138905
E01004541,94147
E01004542,131211
E01004543,208997
E01004544,103256
E01004545,145926
E01004546,93074.3
E01004547,114994
E01004548,163462
E01004549,124641
E01004550,142656
E01004551,214625
E01004552,108181
E01004553,198790
E01004554,406025
E01004555,139355
E01004556,100606
E01004557,108040
E01004558,223975
E01004559,177476
E01004560,689698
E01004563,152743
E01004564,383352
E01004565,86660.6
E01004566,95764.7
E01004567,118181
E01004568,224820
E01004569,289639
E01004570,117327
E01004571,120974
E01004572,785104
E01004573,1677980
E01004574,214352
E01004575,543714
E01004576,439522
E01004577,115408
E01004579,117618
E01004580,108882
E01004581,112667
E01004582,131103
E01004583,151597
E01004584,51940.6
E01004585,126766
E01004586,86544.4
E01004587,106785
E01004588,166026
E01004589,96020.6
E01004590,143540
E01004591,122937
E01004592,95990.2
E01004593,215695
E01004594,144380
E01004595,228052
E01004596,117325
E01004597,139224
E01004598,142392
E01004599,108974
E01004601,304623
E01004602,141985
E01004604,377500
E01004605,193425
E01004606,105433
E01004607,172123
E01004608,96049.7
E01004609,205165
E01004610,285733
E01004611,122974
E01004612,120706
E01004613,99794.7
E01004614,144473
E01004615,177196
E01004616,105250
E01004617,426559
E01004618,120024
E01004619,519455
E01004620,104527
E01004621,451554
E01004622,204515
E01004623,149421
E01004624,399699
E01004625,248013
E01004626,575249
E01004627,109607
E01004628,224806
E01004629,243664
E01004630,116133
E01004631,161795
E01004632,279198
E01004633,80973.5
E01004634,120399
E01004635,164421
E01004636,151801
E01004637,141369
E01004638,269933
E01004639,224453
E01004640,167275
E01004641,207119
E01004642,222263
E01004643,202650
E01004644,392641
E01004645,158909
E01004646,211219
E01004647,196397
E01004648,215191
E01004649,195410
E01004650,175687
E01004651,100603
E01004652,47334.9
E01004653,91158.8
E01004654,118466
E01004656,152069
E01004657,123606
E01004658,101188
E01004659,112894
E01004660,69063.5
E01004661,131795
E01004662,90204.5
E01004663,94076
E01004665,46507.7
E01004668,55377.2
E01004669,74515.5
E01004670,84913.4
E01004674,87373.6
E01004675,91499.1
E01004676,81487.3
E01004677,69095.1
E01004678,86562.2
E01004679,77488.4
E01004680,114902
E01004681,177209
E01004682,90594.2
E01004683,130523
E01004684,79462.7
E01004686,63120.1
E01004687,184534
E01004690,232635
E01004691,350113
E01004692,149945
E01004693,82492.3
E01004694,103512
E01004695,57069
E01004696,66862.5
E01004697,55859.8
E01004698,91305.5
E01004699,116938
E01004700,57175.2
E01004701,78314.2
E01004702,166072
E01004703,207406
E01004705,68131.3
E01004706,138665
E01004707,127433
E01004708,81163.4
E01004709,89772.9
E01004710,127771
E01004711,81186.4
E01004712,99568.9
E01004713,178737
E01004714,338579
E01004715,108724
E01004716,179171
E01004717,98570.6
E01004718,72156.2
E01004719,97498.8
E01004720,117245
E01004721,119666
E01004722,80291.7
E01004723,94862
E01004724,81741.3
E01004725,270080
E01004726,188600
E01004727,1131360
E01004728,74634.8
E01004729,59627.1
E01004730,448596
E01004731,680649
E01004732,69139
E01004733,444466
E01004734,320340
E01004735,483147
E01004736,1190000
E01004737,80786.2
E01004740,48446.8
E01004741,56774.3
E01004742,46665.1
E01004743,48254.1
E01004744,107116
E01004746,39852.9
E01004747,107147
E01004748,88221.5
E01004749,137657
E01004750,255172
E01004751,85531.6
E01004752,35473.9
E01004753,59585.4
E01004754,83609.7
E01004755,114176
E01004756,58974.7
E01004757,122579
E01004760,70738.8
E01004761,519252
E01004762,298120
E01004763,293964
E01004765,263798
E01032512,164481
E01032513,52572.7
E01032562,227362
E01032563,381408
E01032564,152717
E01032565,216027
E01032566,557112
E01032567,415242
E01032568,366696
E01032569,316155
E01032570,457117
E01032572,224351
E01032573,223695
E01032574,368253
E01032575,146616
E01032576,222911
E01032577,362861
E01032579,174163
E01032580,129688
E01032581,287823
E01032582,317303
E01032583,153365
E01032584,86717.5
E01032623,818132
E01032637,38808.7
E01032638,42042.6
E01032639,89712.3
E01032640,45886.2
E01032646,121595
E01032719,40682
E01032739,1653090
E01032740,632231
E01032741,278268
E01032742,226013
E01032743,97406.1
E01032744,199934
E01032764,324686
E01032765,82231.2
E01032767,133974
E01032768,70730.4
E01032769,105384
E01032770,44903.2
E01032771,354397
E01032772,81971.7
E01032774,205546
E01032775,33555.3
E01032776,79578.9
E01032777,112961
E01032779,28015.3
E01032780,352906
E01032781,55888.8
E01032782,73827.8
E01032783,80747.2
E01032784,64814.3
E01032785,72769.4
E01032786,55636.1
E01032787,107730
E01032788,117069
E01032789,30853.5
E01032790,74649.9
E01032803,61220.2
E01032834,32957.1
E01033000,83986.9
E01033030,71180.4
E01033081,92518.5
E01033082,237050
E01033083,136529
E01033084,132917
E01033086,60635.9
E01033098,324225
E01033099,106055
E01033100,114777
E01033132,264679
E01033133,60134.9
E01033135,98855.8
E01033146,141794
E01033148,445931
E01033150,164959
E01033151,984566
E01033208,54359.5
E01033320,142514
E01033322,71162.7
E01033324,178064
E01033325,61714.1
E01033327,329164
E01033341,128626
E01033455,61139.8
E01033456,266159
E01033457,172436
E01033463,428105
E01033485,138514
E01033486,67824.5
E01033487,24176.6
E01033488,100891
E01033489,92467.2
E01033490,124173
E01033491,190529
E01033493,35636.3
E01033494,104201
E01033569,167864
E01033570,468484
E01033571,335380
E01033579,445455
E01033580,87346.9
E01033581,1312750
E01033582,170526
E01033584,151027
E01033586,699824
E01033587,271478
E01033589,120200
E01033590,99693.2
E01033591,253616
E01033592,153522
E01033593,92460.2
E01033594,209579
E01033597,61192.8
E01033598,53289
E01033599,64743.4
E01033601,54220.9
E01033602,58573.4
E01033603,48453.1
E01033604,73167.5
E01033605,73946.6
E01033699,93773.2
E01033700,109088
E01033702,98781.3
E01033703,64997.3
E01033704,220032
E01033705,165945
E01033706,134387
E01033708,354280
E01033709,87034.3
E01033710,41390.1
E01033711,78296.9
E01033712,162654
E01033713,260826
E01033727,159794
E01033728,70211.1
E01033729,693185
E01033732,100601
E01033734,96076.1
E01033735,102710
E01033736,128444
E01033737,238454
E01033738,287042
E01033739,119231
E01033740,166410
E01033741,571484
E01033742,121817
E01033743,1003020
E01033744,151093
E01033745,558483
E01033746,129215
E01033784,535915
E01033785,157901
E01033786,140310
E01033787,180622
E01033788,253066
E01033789,230784
E01033790,227126
E01033791,378004
E01033792,877753
E01033862,163716
E01033863,101873
E01033864,61362.2
E01033865,134043
E01033866,42825.5
E01033867,165981
E01033868,118725
E01033869,86388.9
E01033870,56716.8
E01033871,141661
E01033872,78676.9
E01033873,109681
E01033874,57127.9
E01033875,65057.9
E01033876,56177.3
E01033877,76598.6
E01033878,76917
E01033879,111565
E01033880,372389
E01033881,252398
E01033882,78144.3
E01033883,97055
E01033884,213970
E01033885,89885.2
E01033911,1996410
E01033912,216896
E01033913,158894
E01033914,144289
E01033915,180437
E01033916,152315
E01033917,32612.5
E01033918,108020
E01033919,57692.1
E01033920,169858
E01033921,38781.4
E01033922,103665
E01033923,91722.7
E01033924,138873
E01033925,276975
E01033926,2098900
E01033927,199944
E01033928,149747
E01033929,157830
E01033930,189907
E01033931,179809
E01033932,160007
E01033933,102001
E01033934,141022
E01033935,155438
E01033936,75410.9
E01033937,86579.7
E01033938,1788130
E01033939,150884
E01033940,100623
E01033941,43300.3
E01033942,281321
E01033943,478195
E01033944,146638
E01033945,74754.5
E01033946,80611.9
E01034026,115963
E01034027,291445
E01034028,97196
E01034029,90689.5
E01034030,275273
E01034031,31180.8
E01034032,251176
E01034033,142553
E01034034,98309.4
E01034035,152470
E01034036,114359
E01034037,148790
E01034038,149484
E01034039,109304
E01034040,122533
E01034041,110338
E01034042,459977
E01034043,65152.6
E01034044,65011.8
E01034045,63609
E01034046,139820
E01034139,132927
E01034140,40825.7
E01034141,76547.7
E01034142,135980
E01034143,137023
E01034144,200386
E01034145,164985
E01034146,273085
E01034147,8471.55
E01034148,156000
E01034149,331169
E01034150,174778
E01034151,44870.8
E01034152,120118
E01034153,159006
E01034154,186164
E01034155,154739
E01034156,227705
E01034173,213372
E01034174,360532
E01034175,270063
E01034176,240744
E01034177,160271
E01034178,21605.7
E01034179,71393.4
E01034180,42386.2
E01034181,70579.1
E01034182,103723
E01034183,106135
E01034184,38222.8
E01034185,92209.8
E01034186,45998.1
E01034187,155237
E01034188,1004630
E01034189,209119
E01034190,251539
E01034191,48309.5
E01034192,181479
E01034193,110877
E01034194,27869
E01034195,19357.6
E01034196,160987
E01034198,943012
E01034199,104539
E01034200,126004
E01034201,71357.1
E01034202,93350.6
E01034203,49035.6
E01034204,92847.2
E01034205,2371610
E01034206,1080760
E01034207,129061
E01034208,150264
E01034209,143237
E01034210,94626.6
E01034211,281883
E01034212,286541
E01034213,301988
E01034214,33161.3
E01034215,38096.5
E01034216,62776.9
E01034217,294486
E01034218,206881
E01034219,162959
E01034220,339246
E01034221,145807
E01034222,503806
E01034223,59003.6
E01034224,479982
E01034225,433716
E01034226,39677.8
E01034227,45687.6
E01034228,65410
E01034229,433956
E01034230,42478.1
E01034231,62354.5
E01034383,626118
E01034384,83554.9
E01034385,418964
E01034386,153086
E01034387,43423.3
E01034388,54888.8
E01034389,90566.6
E01034390,166272
E01034391,234532
E01034392,110818
E01034393,64758.5
E01034394,100145
E01034395,88503.2
E01034469,254529
E01034470,121328
E01034471,166041
E01034472,47356.5
E01034473,141686
E01034474,207057
E01034475,531938
E01034476,696822
E01034477,119524
E01034478,1279970
E01034479,204151
E01034480,111385
E01034481,145921
E01034482,26962.4
E01034483,77349.2
E01034484,156742
E01034485,131170
E01034486,86425.6
E01034487,67254.2
E01034488,96161.1
E01034576,83568.4
E01034577,44640.2
E01034578,377445
E01034579,339187
E01034580,184065
E01034581,277016
E01034589,285681
E01034590,138641
E01034591,240417
E01034592,138844
E01034593,1120880
E01034594,195735
E01034595,130507
E01034596,35376.7
E01034597,118667
E01034598,93484.9
E01034599,161188
E01034600,122345
E01034601,337956
E01034602,285244
E01034603,417661
E01034604,235865
E01034605,264323
E01034606,215714
E01034607,580881
E01034608,1078510
E01034609,168512
E01034610,290727
E01034611,156291
E01034612,341305
E01034613,997675
E01034614,126504
E01034615,468863
E01034616,113301
E01034617,370279
E01035484,758127
E01035485,206643
E01035486,212475
E01035487,110411
E01035488,79445.9
E01035489,46801.6
E01035490,215256
E01035491,251183
E01035492,56369.4
E01035493,143197
E01035494,63547.5
E01035495,59702.9
E01035496,174316
E01035497,62138.7
E01035498,293757
E01035499,133069
E01035638,98619.2
E01035639,149986
E01035640,103263
E01035641,75224.7
E01035642,54509.9
E01035643,96879.5
E01035644,29232.9
E01035645,64268
E01035646,96871.4
E01035647,38421.3
E01035648,54104.5
E01035649,84856.6
E01035650,164366
E01035651,81170.4
E01035652,94069.2
E01035653,111673
E01035654,36954.9
E01035655,127309
E01035656,50491.4
E01035657,216346
E01035658,93925.1
E01035659,125615
E01035660,108165
E01035661,59324.4
E01035662,29210.3
E01035663,98903.5
E01035664,139582
E01035665,123571
E01035666,58079.9
E01035667,173654
E01035668,177181
E01035669,96505.6
E01035670,313330
E01035671,61169.4
E01035672,118272
E01035673,22226.8
E01035674,89149.2
E01035675,65440.9
E01035676,101838
E01035677,69836.8
E01035678,82329.9
E01035679,120575
E01035680,86627.1
E01035681,104297
E01035682,59323.7
E01035683,65451.4
E01035684,49475
E01035685,50612.7
E01035686,62741.5
E01035687,72267.5
E01035688,25915.6
E01035689,53727.4
E01035690,65941.4
E01035691,101229
E01035692,58143
E01035693,77747.1
E01035694,103056
E01035695,73746.9
E01035696,98603.2
E01035697,115174
E01035698,11615.5
E01035699,21382.6
E01035700,15744.7
E01035701,19886.6
E01035702,276840
E01035703,64106.1
E01035704,20906.4
E01035705,132631
E01035706,82063.4
E01035707,207663
E01035708,441307
E01035709,163035
E01035710,340167
E01035711,315207
E01035712,136998
E01035713,280202
E01035714,178496
E01035715,116907
E01035716,622479
E01035717,111222
E01035718,2673070
E01035719,90653.9
E01035720,108577
E01035721,217666
E01035722,116041